2841	A	VLAHOVIC	Fiorentina	44	34	10
785	A	IMMOBILE	Lazio	42	38	4
608	A	ZAPATA D.	Atalanta	39	33	6
531	A	BERARDI	Sassuolo	37	31	6
2764	A	MARTINEZ L.	Inter	35	32	3
1874	A	JOAO PEDRO	Cagliari	33	26	7
2530	A	IBRAHIMOVIC	Milan	33	33	0
647	A	DZEKO	Inter	33	29	4
332	C	CANDREVA	Sampdoria	30	18	12
2061	A	SIMEONE	Verona	29	13	16
2077	C	PASALIC	Atalanta	28	18	10
2194	C	CALHANOGLU	Inter	27	19	8
309	A	DYBALA	Juventus	27	25	2
645	C	MILINKOVIC-SAVIC	Lazio	26	24	2
2775	C	RUIZ	Napoli	26	17	9
152	C	ZIELINSKI	Napoli	26	24	2
472	A	DESTRO	Genoa	26	21	5
2119	A	DEULOFEU	Udinese	26	11	15
2489	A	PEDRO	Lazio	26	12	14
530	C	PELLEGRINI LO.	Roma	25	22	3
2172	C	BARAK	Verona	25	17	8
2719	A	BARROW	Bologna	25	18	7
4661	A	OSIMHEN	Napoli	25	33	-8
1958	A	CAPRARI	Verona	25	10	15
4268	A	ARNAUTOVIC	Bologna	25	24	1
1870	C	BARELLA	Inter	24	18	6
1980	C	ARAMU	Venezia	24	10	14
507	A	MURIEL	Atalanta	24	39	-15
2038	A	PINAMONTI	Empoli	24	7	17
4200	A	GIROUD	Milan	24	20	4
4510	A	RAFAEL LEAO	Milan	24	14	10
2137	A	SCAMACCA	Sassuolo	24	14	10
2544	A	ABRAHAM	Roma	24	28	-4
704	C	PERISIC	Inter	23	13	10
5694	A	BETO	Udinese	23	10	13
5451	C	BAJRAMI	Empoli	22	10	12
5298	C	POBEGA	Torino	22	6	16
495	A	CORREA	Inter	22	20	2
410	A	MERTENS	Napoli	22	25	-3
4427	C	MALINOVSKYI	Atalanta	21	26	-5
177	A	ILICIC	Atalanta	21	21	0
2819	A	CAPUTO	Sampdoria	21	26	-5
335	C	FELIPE ANDERSON	Lazio	20	16	4
2215	C	VERETOUT	Roma	20	23	-3
632	C	ZACCAGNI	Lazio	20	18	2
215	A	VERDE	Spezia	20	14	6
2759	D	CRISCITO	Genoa	19	8	11
697	D	CUADRADO	Juventus	19	18	1
392	D	KOULIBALY	Napoli	19	12	7
2788	D	BREMER	Torino	19	12	7
2085	C	LUIS ALBERTO	Lazio	19	25	-6
4825	C	DIAZ B.	Milan	19	13	6
1850	C	KESSIE'	Milan	19	27	-8
4179	A	GONZALEZ N.	Fiorentina	19	16	3
409	A	INSIGNE	Napoli	19	32	-13
798	D	SKRINIAR	Inter	18	15	3
4292	D	HERNANDEZ T.	Milan	18	21	-3
150	C	SAPONARA	Fiorentina	18	8	10
2529	C	MKHITARYAN	Roma	18	30	-12
4517	A	LOZANO	Napoli	18	24	-6
4371	A	RASPADORI	Sassuolo	18	16	2
441	A	BELOTTI	Torino	18	30	-12
5515	A	OKEREKE	Venezia	18	7	11
2468	P	OSPINA	Napoli	17	1	16
487	D	DE SILVESTRI	Bologna	17	7	10
4409	D	RRAHMANI	Napoli	17	5	12
581	D	FARAONI	Verona	17	14	3
2744	C	SVANBERG	Bologna	17	12	5
4449	C	TONALI	Milan	17	5	12
2848	C	FRATTESI	Sassuolo	17	7	10
827	C	LOCATELLI	Juventus	17	16	1
250	P	HANDANOVIC	Inter	16	17	-1
286	D	BONUCCI	Juventus	16	12	4
5513	D	DUMFRIES	Inter	16	12	4
554	D	ZAPPACOSTA	Atalanta	16	15	1
5675	D	THEATE	Bologna	16	7	9
367	C	BONAVENTURA	Fiorentina	16	11	5
5685	C	KOOPMEINERS	Atalanta	16	8	8
2475	A	SANCHEZ	Inter	16	22	-6
313	A	MORATA	Juventus	16	23	-7
407	A	GABBIADINI	Sampdoria	16	16	0
479	A	SANABRIA	Torino	16	15	1
2097	A	KEAN	Juventus	16	21	-5
345	A	KEITA B.	Cagliari	16	13	3
4184	A	BREKALO	Torino	16	11	5
453	P	SZCZESNY	Juventus	15	17	-2
2170	P	MILINKOVIC-SAVIC V.	Torino	15	9	6
254	D	DIMARCO	Inter	15	8	7
4428	D	DE LIGT	Juventus	15	12	3
357	D	CALABRIA	Milan	15	11	4
4899	D	SINGO	Torino	15	6	9
1995	C	DJURICIC	Sassuolo	15	15	0
4658	C	IKONE'	Fiorentina	15	15	0
5311	A	SHOMURODOV	Roma	15	16	-1
186	A	REBIC	Milan	15	23	-8
4312	P	MAIGNAN	Milan	14	15	-1
4270	P	RUI PATRICIO	Roma	14	14	0
5332	D	BASTONI S.	Spezia	14	7	7
2002	C	CHIESA	Juventus	14	29	-15
4973	C	MCKENNIE	Juventus	14	15	-1
2818	C	BENNACER	Milan	14	7	7
4890	C	TAMEZE	Verona	14	7	7
5007	C	ILIC	Verona	14	8	6
1972	C	TORREIRA	Fiorentina	14	9	5
505	A	BONAZZOLI	Salernitana	14	8	6
1857	A	DI FRANCESCO F.	Empoli	14	5	9
513	D	ACERBI	Lazio	13	12	1
4751	D	TOMORI	Milan	13	12	1
2816	D	DI LORENZO	Napoli	13	11	2
4331	D	IBANEZ	Roma	13	7	6
4998	D	MOLINA N.	Udinese	13	12	1
4376	C	ZURKOWSKI	Empoli	13	4	9
2839	C	SOTTIL	Fiorentina	13	8	5
265	C	BROZOVIC	Inter	13	14	-1
4892	C	SAELEMAEKERS	Milan	13	11	2
4479	C	ELMAS	Napoli	13	7	6
4681	C	LOPEZ M.	Sassuolo	13	8	5
4988	C	MAGGIORE	Spezia	13	13	0
302	C	PEREYRA	Udinese	13	17	-4
236	C	LAZOVIC	Verona	13	15	-2
2065	C	PRAET	Torino	13	10	3
4970	C	MESSIAS	Milan	13	11	2
1998	A	PJACA	Torino	13	4	9
536	A	POLITANO	Napoli	13	19	-6
795	A	EL SHAARAWY	Roma	13	11	2
5336	A	NZOLA	Spezia	13	20	-7
2409	A	RIBERY	Salernitana	13	14	-1
2160	D	GOSENS	Atalanta	12	25	-13
5300	D	HICKEY	Bologna	12	3	9
2120	D	BASTONI	Inter	12	11	1
2525	D	DARMIAN	Inter	12	9	3
2180	D	KARSDORP	Roma	12	12	0
4895	D	YOSHIDA	Sampdoria	12	9	3
706	D	ANSALDI	Torino	12	11	1
2280	D	NUYTINCK	Udinese	12	10	2
5520	D	CAMBIASO	Genoa	12	1	11
5397	C	KOVALENKO	Spezia	12	5	7
526	C	DUNCAN	Fiorentina	12	4	8
4459	C	ROVELLA	Genoa	12	4	8
333	C	CATALDI	Lazio	12	3	9
5470	C	SCHIAVONE	Salernitana	12	1	11
2009	C	LUKIC	Torino	12	9	3
2284	A	CAICEDO	Genoa	12	14	-2
568	A	QUAGLIARELLA	Sampdoria	12	22	-10
2155	A	CUTRONE	Empoli	12	14	-2
2792	P	MUSSO	Atalanta	11	16	-5
2815	P	TERRACCIANO	Fiorentina	11	1	10
252	D	BIRAGHI	Fiorentina	11	9	2
4245	D	SMALLING	Roma	11	10	1
2167	C	ORSOLINI	Bologna	11	18	-7
406	C	CALLEJON	Fiorentina	11	7	4
2414	C	VIDAL	Inter	11	8	3
5507	C	BUSIO	Venezia	11	5	6
4220	C	ZAMBO ANGUISSA	Napoli	11	7	4
247	A	PAVOLETTI	Cagliari	11	18	-7
652	A	KALINIC	Verona	11	9	2
5676	A	SUCCESS	Udinese	11	7	4
509	P	CONSIGLI	Sassuolo	10	12	-2
695	D	TOLOI	Atalanta	10	9	1
4421	D	AUGELLO	Sampdoria	10	9	1
4869	C	DOMINGUEZ	Bologna	10	6	4
2625	C	SORIANO	Bologna	10	20	-10
4514	C	NANDEZ	Cagliari	10	12	-2
5453	C	RICCI S.	Empoli	10	5	5
2778	C	STULAC	Empoli	10	5	5
5457	C	MALEH	Fiorentina	10	4	6
801	C	GAGLIARDINI	Inter	10	6	4
2833	C	KULUSEVSKI	Juventus	10	20	-10
148	C	KRUNIC	Milan	10	5	5
4404	C	THORSBY	Sampdoria	10	9	1
2857	C	TRAORE' HJ.	Sassuolo	10	14	-4
4498	C	HENDERSON L.	Empoli	10	3	7
383	A	PETAGNA	Napoli	10	11	-1
2832	A	BOGA	Sassuolo	10	17	-7
5529	A	HENRY	Venezia	10	12	-2
133	P	SKORUPSKI	Bologna	9	9	0
4964	P	VICARIO	Empoli	9	6	3
1866	D	CEPPITELLI	Cagliari	9	6	3
2164	D	MILENKOVIC	Fiorentina	9	10	-1
253	D	D'AMBROSIO	Inter	9	5	4
142	D	MARIO RUI	Napoli	9	5	4
5479	D	CECCARONI	Venezia	9	5	4
5498	D	CASALE	Verona	9	3	6
22	C	DE ROON	Atalanta	9	11	-2
4965	C	MARIN	Cagliari	9	12	-3
2253	C	BANDINELLI	Empoli	9	2	7
181	C	VECINO	Inter	9	5	4
184	C	BERNARDESCHI	Juventus	9	5	4
2766	C	ZANIOLO	Roma	9	19	-10
4992	A	GYASI	Spezia	9	13	-4
1997	A	SIMY	Salernitana	9	18	-9
2814	P	PROVEDEL	Spezia	8	1	7
2211	P	SILVESTRI	Udinese	8	10	-2
4957	P	MONTIPO'	Verona	8	9	-1
2181	D	PALOMINO	Atalanta	8	8	0
5449	D	PARISI	Empoli	8	4	4
76	D	ROMAGNOLI S.	Empoli	8	5	3
5450	D	STOJANOVIC	Empoli	8	5	3
5323	D	MARTINEZ QUARTA	Fiorentina	8	5	3
4332	D	DEMIRAL	Atalanta	8	5	3
633	D	FARES	Genoa	8	4	4
460	D	ROMAGNOLI	Milan	8	7	1
464	D	FLORENZI	Milan	8	9	-1
2784	D	COLLEY	Sampdoria	8	9	-1
4412	D	RODRIGO BECAO	Udinese	8	5	3
288	D	CHIELLINI	Juventus	8	10	-2
788	C	FREULER	Atalanta	8	15	-7
4415	C	SKOV OLSEN	Bologna	8	9	-1
2166	C	BENTANCUR	Juventus	8	9	-1
4287	C	LOBOTKA	Napoli	8	5	3
5287	C	ARSLAN	Udinese	8	8	0
2144	C	COULIBALY M.	Salernitana	8	4	4
5486	C	CRNIGOJ	Venezia	8	3	5
2011	C	MIGUEL VELOSO	Verona	8	8	0
4359	A	PICCOLI	Atalanta	8	12	-4
5471	A	DJURIC	Salernitana	8	6	2
2826	A	PUSSETTO	Udinese	8	13	-5
5714	A	GONDO	Salernitana	8	3	5
387	P	REINA	Lazio	7	14	-7
1934	P	STRAKOSHA	Lazio	7	1	6
572	P	MERET	Napoli	7	14	-7
322	D	DE VRIJ	Inter	7	14	-7
4237	D	DANILO	Juventus	7	14	-7
4976	D	KALULU	Milan	7	2	5
2296	D	MANCINI	Roma	7	14	-7
1895	D	FERRARI G.	Sassuolo	7	10	-3
5355	D	UDOGIE	Udinese	7	4	3
5514	D	VASQUEZ	Genoa	7	7	0
2614	D	ODRIOZOLA	Fiorentina	7	7	0
2161	C	HAAS	Empoli	7	7	0
4377	C	CASTROVILLI	Fiorentina	7	14	-7
779	C	CRISTANTE	Roma	7	7	0
2825	C	BOURABIA	Spezia	7	4	3
376	C	VERDI	Torino	7	11	-4
5329	C	MAKENGO	Udinese	7	2	5
264	C	BESSA	Verona	7	5	2
5674	C	BASIC	Lazio	7	8	-1
537	A	SANSONE	Bologna	7	9	-2
4477	A	LA MANTIA	Empoli	7	7	0
5454	A	MANCUSO	Empoli	7	13	-6
643	A	DEFREL	Sassuolo	7	12	-5
245	A	PANDEV	Genoa	7	12	-5
5673	A	ANTISTE	Spezia	7	4	3
2178	P	CRAGNO	Cagliari	6	10	-4
1917	P	DRAGOWSKI	Fiorentina	6	11	-5
160	P	TATARUSANU	Milan	6	1	5
761	P	AUDERO	Sampdoria	6	12	-6
2179	P	SIRIGU	Genoa	6	8	-2
2628	P	ROMERO S.	Venezia	6	5	1
787	D	DJIMSITI	Atalanta	6	10	-4
2130	D	HATEBOER	Atalanta	6	13	-7
662	D	ALEX SANDRO	Juventus	6	11	-5
2728	D	PELLEGRINI LU.	Juventus	6	4	2
140	D	HYSAJ	Lazio	6	6	0
2263	D	LAZZARI	Lazio	6	10	-4
1847	D	CALDARA	Venezia	6	3	3
2633	D	KJAER	Milan	6	12	-6
1852	D	SPINAZZOLA	Roma	6	13	-7
4426	D	TOLJAN	Sassuolo	6	5	1
4982	D	ERLIC	Spezia	6	7	-1
630	D	SALA	Spezia	6	2	4
2169	D	RODRIGUEZ R.	Torino	6	5	1
4994	D	VOJVODA	Torino	6	6	0
790	D	SAMIR	Udinese	6	7	-1
4378	D	RANIERI L.	Salernitana	6	3	3
5695	D	HAPS	Venezia	6	3	3
287	D	CACERES	Cagliari	6	5	1
5001	C	MIRANCHUK	Atalanta	6	15	-9
2741	C	PESSINA	Atalanta	6	14	-8
272	C	MEDEL	Bologna	6	2	4
5462	C	CIERVO	Sampdoria	6	1	5
560	C	OBI	Salernitana	6	4	2
2391	C	EKDAL	Sampdoria	6	6	0
5511	C	MATHEUS HENRIQUE	Sassuolo	6	8	-2
2107	C	KIYINE	Venezia	6	4	2
4701	C	CUISANCE	Venezia	6	6	0
5233	A	MAYORAL	Roma	6	21	-15
90	A	LASAGNA	Verona	6	12	-6
5523	A	BIANCHI F.	Genoa	6	1	5
5690	A	STRELEC	Spezia	6	3	3
649	A	MANAJ	Spezia	6	4	2
2739	D	RECA	Spezia	5	5	0
2104	D	BERESZYNSKI	Sampdoria	5	7	-2
4530	D	KYRIAKOPOULOS	Sassuolo	5	6	-1
2318	D	ROGERIO	Sassuolo	5	6	-1
5475	D	AMIAN	Spezia	5	6	-1
2865	D	AINA	Torino	5	5	0
2724	D	BUONGIORNO	Torino	5	6	-1
2869	D	DJIDJI	Torino	5	2	3
5481	D	MAZZOCCHI	Venezia	5	4	1
1891	D	CECCHERINI	Verona	5	4	1
770	D	PEZZELLA GIU.	Atalanta	5	7	-2
5503	D	KECHRIDA	Salernitana	5	1	4
5509	D	VINA	Roma	5	9	-4
4887	D	BELLANOVA	Cagliari	5	2	3
2154	C	VIGNATO	Bologna	5	10	-5
1871	C	DEIOLA	Cagliari	5	2	3
2121	C	MELEGONI	Genoa	5	2	3
600	C	VERRE	Sampdoria	5	8	-3
1933	C	MANDRAGORA	Torino	5	10	-5
434	C	JAJALO	Udinese	5	3	2
2392	C	WALACE	Udinese	5	6	-1
5119	C	SAMARDZIC	Udinese	5	3	2
27	C	GRASSI	Cagliari	5	3	2
2743	A	SANTANDER	Bologna	5	4	1
4884	A	CARLES PEREZ	Roma	5	8	-3
5495	A	FORTE	Venezia	5	9	-4
5496	A	JOHNSEN	Venezia	5	5	0
720	P	BELEC	Salernitana	4	5	-1
5375	D	MAEHLE	Atalanta	4	9	-5
4891	D	SOUMAORO	Bologna	4	7	-3
4925	D	CARBONI	Cagliari	4	5	-1
2572	D	GODIN	Cagliari	4	8	-4
2653	D	LYKOGIANNIS	Cagliari	4	8	-4
4461	D	ZAPPA	Cagliari	4	7	-3
4407	D	IGOR	Fiorentina	4	4	0
4375	D	TERZIC	Fiorentina	4	2	2
2285	D	BANI	Genoa	4	4	0
2083	D	BIRASCHI	Genoa	4	5	-1
244	D	GHIGLIONE	Genoa	4	4	0
5365	D	DRAGUSIN	Sampdoria	4	1	3
2335	D	LUIZ FELIPE	Lazio	4	7	-3
2188	D	MARUSIC	Lazio	4	6	-2
393	D	LUPERTO	Empoli	4	2	2
2860	D	MALCUIT	Napoli	4	3	1
660	D	GYOMBER	Salernitana	4	4	0
4433	D	ZORTEA	Salernitana	4	4	0
45	D	FERRARI A.	Sampdoria	4	3	1
4979	D	AYHAN	Sassuolo	4	3	1
640	D	CHIRICHES	Sassuolo	4	6	-2
551	D	MOLINARO	Venezia	4	2	2
4493	D	DAWIDOWICZ	Verona	4	6	-2
2758	D	GUNTER	Verona	4	6	-2
2769	D	MAGNANI	Verona	4	5	-1
256	D	JUAN JESUS	Napoli	4	3	1
5686	D	SOPPY	Udinese	4	2	2
5691	D	ZIMA	Torino	4	3	1
4719	D	AMPADU	Venezia	4	7	-3
5748	D	HEFTI	Genoa	4	4	0
170	C	BADELJ	Genoa	4	8	-4
2379	C	RABIOT	Juventus	4	9	-5
2209	C	LUCAS LEIVA	Lazio	4	8	-4
2692	C	CASTILLEJO	Milan	4	6	-2
4725	C	DEMME	Napoli	4	10	-6
2008	C	LINETTY	Torino	4	6	-2
5504	C	COULIBALY L.	Salernitana	4	2	2
5508	C	VACCA	Venezia	4	1	3
4423	C	HERNANI	Genoa	4	6	-2
2117	C	KASTANOS	Salernitana	4	5	-1
4370	C	PORTANOVA	Genoa	4	1	3
5439	A	KALLON	Genoa	4	2	2
4938	A	MORO	Lazio	4	3	1
2195	A	OUNAS	Napoli	4	7	-3
5506	A	EKUBAN	Genoa	4	9	-5
2134	P	FALCONE	Sampdoria	3	1	2
5478	P	MAENPAA	Venezia	3	1	2
4888	D	SUTALO	Verona	3	2	1
5445	D	BINKS	Bologna	3	1	2
2192	D	BONIFAZI	Bologna	3	7	-4
2289	D	DALBERT	Cagliari	3	5	-2
4329	D	NIKOLAOU	Spezia	3	5	-2
261	D	RANOCCHIA	Inter	3	2	1
329	D	RADU	Lazio	3	5	-2
5017	D	BALLO-TOURE'	Milan	3	5	-2
5466	D	STRANDBERG	Salernitana	3	3	0
1868	D	MURRU	Sampdoria	3	3	0
2252	D	MARCHIZZA	Empoli	3	5	-2
4983	D	FERRER	Spezia	3	2	1
5010	D	ISMAJLI	Empoli	3	6	-3
2315	D	STRYGER LARSEN	Udinese	3	7	-4
5480	D	EBUEHI	Venezia	3	4	-1
5484	D	SVOBODA	Venezia	3	1	2
73	D	GAGLIOLO	Salernitana	3	5	-2
5693	D	KIWIOR	Spezia	3	1	2
5718	D	VITI	Empoli	3	1	2
5747	D	RUAN	Sassuolo	3	3	0
470	C	STROOTMAN	Cagliari	3	11	-8
4522	C	AMRABAT	Fiorentina	3	7	-4
4515	C	AGUDELO	Spezia	3	7	-4
2302	C	BEHRAMI	Genoa	3	4	-1
305	C	STURARO	Genoa	3	5	-2
4285	C	ARTHUR	Juventus	3	5	-2
4896	C	MALDINI	Milan	3	1	2
5469	C	DI TACCHIO	Salernitana	3	4	-1
4921	C	ASKILDSEN	Sampdoria	3	1	2
4978	C	DAMSGAARD	Sampdoria	3	14	-11
5490	C	PERETZ	Venezia	3	5	-2
5501	C	SIGURDSSON A.	Venezia	3	9	-6
2639	C	BAKAYOKO	Milan	3	5	-2
5705	C	GALDAMES	Genoa	3	5	-2
2304	A	SALCEDO E.	Spezia	3	4	-1
315	A	ZAZA	Torino	3	11	-8
5728	A	AFENA-GYAN	Roma	3	1	2
4	P	SPORTIELLO	Atalanta	2	1	1
218	P	PERIN	Juventus	2	1	1
5005	P	ZOET	Spezia	2	7	-5
5354	D	RUGGERI	Salernitana	2	1	1
5447	D	ALTARE	Cagliari	2	2	0
4374	D	WALUKIEWICZ	Cagliari	2	6	-4
2174	D	VENUTI	Fiorentina	2	3	-1
15	D	MASIELLO	Genoa	2	4	-2
791	D	SABELLI	Genoa	2	6	-4
2328	D	VANHEUSDEN	Genoa	2	6	-4
358	D	DE SCIGLIO	Juventus	2	4	-2
294	D	RUGANI	Juventus	2	5	-3
4495	D	KUMBULLA	Roma	2	6	-4
5463	D	AYA	Salernitana	2	2	0
2208	D	JAROSZYNSKI	Salernitana	2	5	-3
2064	D	VESELI	Salernitana	2	4	-2
4403	D	CHABOT	Sampdoria	2	4	-2
2141	D	DEPAOLI	Verona	2	3	-1
144	D	TONELLI	Empoli	2	5	-3
4521	D	MULDUR	Sassuolo	2	7	-5
2312	D	HRISTOV	Spezia	2	1	1
4323	D	ZEEGELAAR	Udinese	2	7	-5
5482	D	MODOLO	Venezia	2	4	-2
5483	D	SCHNEGG	Venezia	2	6	-4
4934	D	LOVATO	Cagliari	2	4	-2
2453	D	NASTASIC	Fiorentina	2	7	-5
5524	D	SERPE	Genoa	2	1	1
5677	D	PEREZ N.	Udinese	2	7	-5
2115	D	DELLI CARRI	Salernitana	2	1	1
4393	C	SCHOUTEN	Bologna	2	7	-5
4886	C	PEREIRO	Cagliari	2	8	-6
644	C	PULGAR	Fiorentina	2	8	-6
1978	C	SENSI	Inter	2	7	-5
2472	C	RAMSEY	Juventus	2	8	-6
5286	C	AKPA AKPRO	Lazio	2	3	-1
58	C	DIAWARA	Roma	2	5	-3
238	C	RINCON	Torino	2	6	-4
5487	C	HEYMANS	Venezia	2	8	-6
5492	C	TESSMANN	Venezia	2	5	-3
4389	C	ANDERSON A.	Lazio	2	1	1
5684	C	TOURE' A.	Genoa	2	5	-3
4327	C	OLIVA	Cagliari	2	2	0
5719	C	ASLLANI	Empoli	2	1	1
440	C	VIOLA	Bologna	2	3	-1
4435	A	COLLEY E.	Spezia	2	4	-2
5460	A	SATRIANO	Inter	2	5	-3
5012	A	MURIQI	Lazio	2	4	-2
4453	A	TORREGROSSA	Sampdoria	2	7	-5
5477	A	WARMING	Torino	2	1	1
5505	A	KAIO JORGE	Juventus	2	5	-3
2103	A	PELLEGRI	Milan	2	4	-2
5716	A	PODGOREANU	Spezia	2	1	1
2297	P	ROSSI F.	Atalanta	1	1	0
799	P	BARDI	Bologna	1	1	0
1946	P	ARESTI	Cagliari	1	1	0
3	P	RADUNOVIC	Cagliari	1	1	0
5448	P	FURLAN	Empoli	1	1	0
2790	P	ROSATI	Fiorentina	1	1	0
4441	P	ANDRENACCI	Genoa	1	1	0
318	P	MARCHETTI	Genoa	1	1	0
1889	P	CORDAZ	Inter	1	1	0
1843	P	RADU I.	Inter	1	1	0
1930	P	PINSOGLIO	Juventus	1	1	0
2091	P	PLIZZARI	Milan	1	1	0
5304	P	BOER	Roma	1	1	0
2781	P	FUZATO	Roma	1	1	0
4977	P	RAVAGLIA	Sampdoria	1	1	0
510	P	PEGOLO	Sassuolo	1	1	0
316	P	BERISHA	Torino	1	1	0
4525	P	GEMELLO	Torino	1	1	0
543	P	PADELLI	Udinese	1	1	0
158	P	LEZZERINI	Venezia	1	5	-4
4491	P	BERARDI A.	Verona	1	1	0
4996	P	PANDUR	Verona	1	1	0
5502	P	ADAMONIS	Lazio	1	1	0
1947	P	FIORILLO	Salernitana	1	1	0
2861	P	SEMPER	Genoa	1	1	0
5518	P	MARFELLA	Napoli	1	1	0
2127	P	SATALINO	Sassuolo	1	1	0
5521	P	BERTINATO	Venezia	1	1	0
5528	P	ZOVKO	Spezia	1	1	0
5682	P	MOLLA	Bologna	1	1	0
220	P	UJKANI	Empoli	1	1	0
5704	P	RUSSO	Salernitana	1	1	0
5707	P	PIANA	Udinese	1	1	0
5713	P	NERI	Venezia	1	1	0
2249	P	SANTURRO	Udinese	1	1	0
41	P	MIRANTE	Milan	1	1	0
2746	D	DIJKS	Bologna	1	6	-5
50	D	MBAYE	Bologna	1	4	-3
2116	D	FARAGO'	Cagliari	1	3	-2
805	D	FIAMOZZI	Empoli	1	3	-2
118	D	RADOVANOVIC	Genoa	1	4	-3
2214	D	KOLAROV	Inter	1	3	-2
4946	D	FRABOTTA	Verona	1	2	-1
327	D	PATRIC	Lazio	1	3	-2
4397	D	VAVRO	Lazio	1	2	-1
11	D	CONTI	Milan	1	2	-1
4401	D	GABBIA	Milan	1	1	0
390	D	GHOULAM	Napoli	1	2	-1
4945	D	CALAFIORI	Roma	1	2	-1
5398	D	REYNOLDS	Roma	1	3	-2
5464	D	BOGDAN	Salernitana	1	4	-3
418	D	GOLDANIGA	Sassuolo	1	5	-4
521	D	PELUSO	Sassuolo	1	3	-2
2279	D	ROMAGNA	Sassuolo	1	1	0
226	D	IZZO	Torino	1	8	-7
224	D	DE MAIO	Udinese	1	3	-2
4519	D	CETIN	Verona	1	2	-1
4997	D	RUEGG	Verona	1	2	-1
5526	D	SCALVINI	Atalanta	1	1	0
5527	D	ZANOLI	Napoli	1	1	0
550	D	MAKSIMOVIC	Genoa	1	7	-6
5701	D	OBERT	Cagliari	1	1	0
5739	D	DE WINTER	Juventus	1	1	0
4935	C	LADINETTI	Cagliari	1	1	0
2076	C	ROG	Cagliari	1	7	-6
5452	C	DAMIANI	Empoli	1	1	0
557	C	BENASSI	Fiorentina	1	4	-3
2213	C	CASSATA	Genoa	1	2	-1
4975	C	ESCALANTE	Lazio	1	3	-2
5420	C	DARBOE	Roma	1	2	-1
4885	C	VILLAR	Roma	1	5	-4
5422	C	ZALEWSKI	Roma	1	1	0
173	C	CAPEZZI	Salernitana	1	4	-3
2855	C	VIEIRA	Sampdoria	1	4	-3
528	C	MAGNANELLI	Sassuolo	1	2	-1
4501	C	OBIANG	Sassuolo	1	4	-3
5312	C	LEO' SENA	Spezia	1	6	-5
556	C	BASELLI	Torino	1	5	-4
4953	C	PALUMBO	Juventus	1	1	0
5485	C	BJARKASON	Venezia	1	1	0
400	C	DEZI	Venezia	1	2	-1
5488	C	FIORDILINO	Venezia	1	6	-5
5489	C	PECILE	Venezia	1	1	0
5499	C	HONGLA	Verona	1	4	-3
5510	C	ROMERO L.	Lazio	1	1	0
5516	C	BIANCO	Fiorentina	1	1	0
5517	C	YEPES	Sampdoria	1	1	0
5519	C	SHER	Spezia	1	1	0
5423	C	BOVE	Roma	1	1	0
2835	C	KINGSLEY	Bologna	1	1	0
5688	C	HARROUI	Sassuolo	1	3	-2
5689	C	IHATTAREN	Sampdoria	1	4	-3
5722	C	NGUIAMBA	Spezia	1	1	0
5725	C	KONE B.	Torino	1	1	0
5446	A	VAN HOOIJDONK	Bologna	1	2	-1
5391	A	KOKORIN	Fiorentina	1	5	-4
5458	A	MUNTEANU	Fiorentina	1	1	0
5459	A	BUKSA	Genoa	1	1	0
1839	A	EDERA	Torino	1	3	-2
1943	A	NESTOROVSKI	Udinese	1	9	-8
5493	A	BOCALON	Venezia	1	1	0
5500	A	CANCELLIERI	Verona	1	1	0
2654	A	CETER	Cagliari	1	2	-1
5360	A	VERGANI	Salernitana	1	1	0
4483	A	CANGIANO	Bologna	1	1	0
2073	A	RAGUSA	Verona	1	1	0
